{"version": "1", "message": "ERROR: Hidden Testcases server unreachable.", "problem_id": "cspp1_m10_a1_1", "user_id": "kranthi27", "score": {"sample": {"0": {"execution_time": 0.09372806549072266, "passed": false}, "1": {"execution_time": 0.031243324279785156, "passed": false}, "2": {"execution_time": 0.0469059944152832, "passed": false}, "3": {"execution_time": 0.0468592643737793, "passed": false}, "4": {"execution_time": 0.03120255470275879, "passed": false}, "5": {"execution_time": 0.046864986419677734, "passed": false}, "6": {"execution_time": 0.04686450958251953, "passed": false}, "7": {"execution_time": 0.031241416931152344, "passed": false}, "8": {"execution_time": 0.04686427116394043, "passed": false}, "9": {"execution_time": 0.047395944595336914, "passed": false}, "10": {"execution_time": 0.03978133201599121, "passed": false}, "11": {"execution_time": 0.03766036033630371, "passed": false}, "12": {"execution_time": 0.04691505432128906, "passed": false}, "13": {"execution_time": 0.039524078369140625, "passed": false}, "14": {"execution_time": 0.03542304039001465, "passed": false}, "15": {"execution_time": 0.04690670967102051, "passed": false}, "16": {"execution_time": 0.03124070167541504, "passed": true}, "17": {"execution_time": 0.04682469367980957, "passed": true}, "18": {"execution_time": 0.04686331748962402, "passed": true}, "19": {"execution_time": 0.03124213218688965, "passed": false}, "20": {"execution_time": 0.031242847442626953, "passed": true}, "21": {"execution_time": 0.04690980911254883, "passed": false}, "22": {"execution_time": 0.046819210052490234, "passed": false}, "23": {"execution_time": 0.031245708465576172, "passed": false}, "24": {"execution_time": 0.046862125396728516, "passed": false}}}, "pylint_score": "6/10"}