{"version": "1", "message": "ERROR: Hidden Testcases server unreachable.", "problem_id": "cspp1_m10_a1_1", "user_id": "kranthi27", "score": {"sample": {"0": {"execution_time": 0.0625143051147461, "passed": false}, "1": {"execution_time": 0.04686331748962402, "passed": false}, "2": {"execution_time": 0.0312039852142334, "passed": false}, "3": {"execution_time": 0.03128218650817871, "passed": false}, "4": {"execution_time": 0.04690432548522949, "passed": false}, "5": {"execution_time": 0.05198860168457031, "passed": false}, "6": {"execution_time": 0.040033817291259766, "passed": false}, "7": {"execution_time": 0.051178932189941406, "passed": false}, "8": {"execution_time": 0.05102872848510742, "passed": false}, "9": {"execution_time": 0.04693317413330078, "passed": false}, "10": {"execution_time": 0.031279802322387695, "passed": false}, "11": {"execution_time": 0.04686617851257324, "passed": false}, "12": {"execution_time": 0.031241893768310547, "passed": false}, "13": {"execution_time": 0.046865224838256836, "passed": false}, "14": {"execution_time": 0.031304121017456055, "passed": false}, "15": {"execution_time": 0.046916961669921875, "passed": false}, "16": {"execution_time": 0.046853065490722656, "passed": true}, "17": {"execution_time": 0.046866655349731445, "passed": true}, "18": {"execution_time": 0.03124403953552246, "passed": true}, "19": {"execution_time": 0.046866655349731445, "passed": false}, "20": {"execution_time": 0.03124237060546875, "passed": true}, "21": {"execution_time": 0.0469052791595459, "passed": false}, "22": {"execution_time": 0.04684567451477051, "passed": false}, "23": {"execution_time": 0.051770687103271484, "passed": false}, "24": {"execution_time": 0.04394078254699707, "passed": false}}}, "pylint_score": "7/10"}