{"version": "1", "message": "ERROR: Hidden Testcases server unreachable.", "problem_id": "cspp1_m10_a1_1", "user_id": "kranthi27", "score": {"sample": {"0": {"execution_time": 0.09830260276794434, "passed": false}, "1": {"execution_time": 0.03994584083557129, "passed": false}, "2": {"execution_time": 0.03535008430480957, "passed": false}, "3": {"execution_time": 0.03964591026306152, "passed": false}, "4": {"execution_time": 0.0355682373046875, "passed": false}, "5": {"execution_time": 0.04686427116394043, "passed": false}, "6": {"execution_time": 0.04686331748962402, "passed": false}, "7": {"execution_time": 0.04686617851257324, "passed": false}, "8": {"execution_time": 0.031243085861206055, "passed": false}, "9": {"execution_time": 0.046912193298339844, "passed": false}, "10": {"execution_time": 0.04681515693664551, "passed": false}, "11": {"execution_time": 0.03558683395385742, "passed": false}, "12": {"execution_time": 0.04686546325683594, "passed": false}, "13": {"execution_time": 0.03129911422729492, "passed": false}, "14": {"execution_time": 0.046807050704956055, "passed": false}, "15": {"execution_time": 0.03124237060546875, "passed": false}, "16": {"execution_time": 0.04690432548522949, "passed": true}, "17": {"execution_time": 0.03125643730163574, "passed": true}, "18": {"execution_time": 0.04681110382080078, "passed": true}, "19": {"execution_time": 0.031296730041503906, "passed": false}, "20": {"execution_time": 0.047154903411865234, "passed": true}, "21": {"execution_time": 0.04686737060546875, "passed": false}, "22": {"execution_time": 0.031278133392333984, "passed": false}, "23": {"execution_time": 0.05095100402832031, "passed": false}, "24": {"execution_time": 0.03990340232849121, "passed": false}}}, "pylint_score": "6/10"}