{"version": "1", "message": "ERROR: Hidden Testcases server unreachable.", "problem_id": "cspp1_m10_a1_1", "user_id": "kranthi27", "score": {"sample": {"0": {"execution_time": 0.23884296417236328, "passed": false}, "1": {"execution_time": 0.062485694885253906, "passed": false}, "2": {"execution_time": 0.03127908706665039, "passed": false}, "3": {"execution_time": 0.03124403953552246, "passed": false}, "4": {"execution_time": 0.031261444091796875, "passed": false}, "5": {"execution_time": 0.03122258186340332, "passed": false}, "6": {"execution_time": 0.04682755470275879, "passed": false}, "7": {"execution_time": 0.031241655349731445, "passed": false}, "8": {"execution_time": 0.03583025932312012, "passed": false}, "9": {"execution_time": 0.03202056884765625, "passed": false}, "10": {"execution_time": 0.03577065467834473, "passed": false}, "11": {"execution_time": 0.031224489212036133, "passed": false}, "12": {"execution_time": 0.03129076957702637, "passed": false}, "13": {"execution_time": 0.03123188018798828, "passed": false}, "14": {"execution_time": 0.031244516372680664, "passed": false}, "15": {"execution_time": 0.036815643310546875, "passed": false}, "16": {"execution_time": 0.031247377395629883, "passed": false}, "17": {"execution_time": 0.04417705535888672, "passed": false}, "18": {"execution_time": 0.031238555908203125, "passed": false}, "19": {"execution_time": 0.03124260902404785, "passed": false}, "20": {"execution_time": 0.031205177307128906, "passed": false}, "21": {"execution_time": 0.04690384864807129, "passed": false}, "22": {"execution_time": 0.031246423721313477, "passed": false}, "23": {"execution_time": 0.03571367263793945, "passed": false}, "24": {"execution_time": 0.0358126163482666, "passed": false}}}, "pylint_score": "0/0"}